<?xml version='1.0' encoding='UTF-8' ?>
<timeLogEntries>
  <time path="/Proyecto Ventas/Base de Datos/Conceptual/PSP0&#10;/Control escolar/Base de Datos/Conceptual/PSP0" flag="R" />
  <time path="/Proyecto Ventas/Base de Datos/Conceptual&#10;/Control escolar/Base de Datos/Conceptual" flag="R" />
  <time path="/Proyecto Ventas/Base de Datos/Logico/PSP0&#10;/Control escolar/Base de Datos/Logico/PSP0" flag="R" />
  <time path="/Proyecto Ventas/Base de Datos/Logico&#10;/Control escolar/Base de Datos/Logico" flag="R" />
  <time path="/Proyecto Ventas/Base de Datos/Fisico/PSP0&#10;/Control escolar/Base de Datos/Fisico/PSP0" flag="R" />
  <time path="/Proyecto Ventas/Base de Datos/Fisico&#10;/Control escolar/Base de Datos/Fisico" flag="R" />
  <time path="/Proyecto Ventas/Base de Datos/Diccionario Datos/PSP0&#10;/Control escolar/Base de Datos/Diccionario Datos/PSP0" flag="R" />
  <time path="/Proyecto Ventas/Base de Datos/Diccionario Datos&#10;/Control escolar/Base de Datos/Diccionario Datos" flag="R" />
  <time path="/Proyecto Ventas/Base de Datos&#10;/Control escolar/Base de Datos" flag="R" />
  <time path="/Proyecto Ventas/Logueo/PSP0&#10;/Control escolar/Logueo/PSP0" flag="R" />
  <time path="/Proyecto Ventas/Logueo&#10;/Control escolar/Logueo" flag="R" />
  <time path="/Proyecto Ventas/Agregar Alumno/PSP0&#10;/Control escolar/Agregar Alumno/PSP0" flag="R" />
  <time path="/Proyecto Ventas/Agregar Alumno&#10;/Control escolar/Agregar Alumno" flag="R" />
  <time path="/Proyecto Ventas/Subir Calificaiones/PSP0&#10;/Control escolar/Subir Calificaiones/PSP0" flag="R" />
  <time path="/Proyecto Ventas/Subir Calificaiones&#10;/Control escolar/Subir Calificaiones" flag="R" />
  <time path="/Proyecto Ventas/Dar de Baja/PSP0&#10;/Control escolar/Dar de Baja/PSP0" flag="R" />
  <time path="/Proyecto Ventas/Dar de Baja&#10;/Control escolar/Dar de Baja" flag="R" />
  <time path="/Proyecto Ventas/Ver Calificaciones/PSP0&#10;/Control escolar/Ver Calificaciones/PSP0" flag="R" />
  <time path="/Proyecto Ventas/Ver Calificaciones&#10;/Control escolar/Ver Calificaciones" flag="R" />
  <time path="/Proyecto Ventas&#10;/Control escolar" flag="R" />
  <time id="3" path="/Control escolar/Base de Datos/Conceptual/PSP0/Planning" start="@1637875249113" delta="18" flag="A" />
  <time id="4" path="/Control escolar/Base de Datos/Conceptual/PSP0/Design" start="@1637875299776" delta="15" flag="A" />
  <time id="5" path="/Control escolar/Base de Datos/Conceptual/PSP0/Code" start="@1637875338568" delta="90" flag="A" />
  <time id="6" path="/Control escolar/Ver Calificaciones/PSP0/Code" start="@1637875455687" delta="41" interrupt="1" flag="A" />
  <time id="7" path="/Control escolar/Dar de Baja/PSP0/Planning" start="@1637878001105" delta="27" flag="A" />
  <time id="8" path="/Control escolar/Subir Calificaiones/PSP0/Planning" start="@1637879627357" delta="68" flag="A" />
</timeLogEntries>
